
CREATE table
IF NOT EXISTS `EventMatches`
(
  `comp_level` varchar
(5) NOT NULL,
  `match_id` int
(11) NOT NULL,
  `alliance` int
(11) DEFAULT NULL,
  `TeamId` int
(11) NOT NULL,
  PRIMARY KEY
(`comp_level`,`match_id`,`TeamId`)
) ;

INSERT INTO `EventMatches`
VALUES
  ('f', 1, 0, 1942),
  ('f', 1, 1, 2231),
  ('f', 1, 1, 3075),
  ('f', 1, 1, 4320),
  ('f', 1, 0, 5654),
  ('f', 1, 0, 7039),
  ('f', 2, 0, 1942),
  ('f', 2, 1, 2231),
  ('f', 2, 1, 3075),
  ('f', 2, 1, 4320),
  ('f', 2, 0, 5654),
  ('f', 2, 0, 7039),
  ('qf', 1, 0, 1942),
  ('qf', 1, 0, 2096),
  ('qf', 1, 1, 2231),
  ('qf', 1, 1, 2679),
  ('qf', 1, 0, 3065),
  ('qf', 1, 1, 3075),
  ('qf', 1, 0, 3083),
  ('qf', 1, 1, 3339),
  ('qf', 1, 0, 3388),
  ('qf', 1, 1, 3835),
  ('qf', 1, 1, 4320),
  ('qf', 1, 1, 4661),
  ('qf', 1, 1, 4744),
  ('qf', 1, 1, 5291),
  ('qf', 1, 0, 5554),
  ('qf', 1, 1, 5614),
  ('qf', 1, 0, 5635),
  ('qf', 1, 0, 5654),
  ('qf', 1, 0, 5747),
  ('qf', 1, 1, 5987),
  ('qf', 1, 0, 6740),
  ('qf', 1, 0, 6741),
  ('qf', 1, 0, 7039),
  ('qf', 1, 1, 7177),
  ('qf', 2, 0, 1942),
  ('qf', 2, 0, 2096),
  ('qf', 2, 1, 2231),
  ('qf', 2, 1, 2679),
  ('qf', 2, 0, 3065),
  ('qf', 2, 1, 3075),
  ('qf', 2, 0, 3083),
  ('qf', 2, 1, 3339),
  ('qf', 2, 0, 3388),
  ('qf', 2, 1, 3835),
  ('qf', 2, 1, 4320),
  ('qf', 2, 1, 4744),
  ('qf', 2, 1, 5291),
  ('qf', 2, 0, 5554),
  ('qf', 2, 1, 5614),
  ('qf', 2, 0, 5635),
  ('qf', 2, 0, 5654),
  ('qf', 2, 0, 5747),
  ('qf', 2, 1, 5987),
  ('qf', 2, 1, 6736),
  ('qf', 2, 0, 6740),
  ('qf', 2, 0, 6741),
  ('qf', 2, 0, 7039),
  ('qf', 2, 1, 7177),
  ('qf', 3, 0, 1942),
  ('qf', 3, 1, 3339),
  ('qf', 3, 1, 5291),
  ('qf', 3, 0, 5654),
  ('qf', 3, 0, 7039),
  ('qf', 3, 1, 7177),
  ('qm', 1, 0, 1954),
  ('qm', 1, 0, 2231),
  ('qm', 1, 0, 3065),
  ('qm', 1, 1, 4661),
  ('qm', 1, 1, 6230),
  ('qm', 1, 1, 7177),
  ('qm', 2, 1, 1942),
  ('qm', 2, 0, 1943),
  ('qm', 2, 0, 4319),
  ('qm', 2, 1, 4320),
  ('qm', 2, 0, 5635),
  ('qm', 2, 1, 6741),
  ('qm', 3, 0, 1580),
  ('qm', 3, 0, 2096),
  ('qm', 3, 1, 2679),
  ('qm', 3, 0, 4744),
  ('qm', 3, 1, 5747),
  ('qm', 3, 1, 6736),
  ('qm', 4, 1, 1576),
  ('qm', 4, 0, 3339),
  ('qm', 4, 0, 3388),
  ('qm', 4, 1, 5291),
  ('qm', 4, 0, 5987),
  ('qm', 4, 1, 6740),
  ('qm', 5, 1, 3835),
  ('qm', 5, 0, 4416),
  ('qm', 5, 1, 4649),
  ('qm', 5, 1, 5135),
  ('qm', 5, 0, 5614),
  ('qm', 5, 0, 5654),
  ('qm', 6, 1, 3075),
  ('qm', 6, 1, 3083),
  ('qm', 6, 0, 5554),
  ('qm', 6, 0, 5715),
  ('qm', 6, 1, 6149),
  ('qm', 6, 0, 7039),
  ('qm', 7, 1, 1576),
  ('qm', 7, 1, 2096),
  ('qm', 7, 0, 2231),
  ('qm', 7, 1, 3339),
  ('qm', 7, 0, 4320),
  ('qm', 7, 0, 4661),
  ('qm', 8, 0, 1580),
  ('qm', 8, 1, 1943),
  ('qm', 8, 1, 4416),
  ('qm', 8, 1, 4649),
  ('qm', 8, 0, 6736),
  ('qm', 8, 0, 6740),
  ('qm', 9, 0, 4319),
  ('qm', 9, 1, 4744),
  ('qm', 9, 1, 5614),
  ('qm', 9, 0, 5654),
  ('qm', 9, 1, 5715),
  ('qm', 9, 0, 7177),
  ('qm', 10, 0, 2679),
  ('qm', 10, 1, 3065),
  ('qm', 10, 1, 3075),
  ('qm', 10, 0, 3388),
  ('qm', 10, 0, 3835),
  ('qm', 10, 1, 6741),
  ('qm', 11, 1, 5135),
  ('qm', 11, 1, 5291),
  ('qm', 11, 0, 5554),
  ('qm', 11, 1, 5635),
  ('qm', 11, 0, 5747),
  ('qm', 11, 0, 6230),
  ('qm', 12, 1, 1942),
  ('qm', 12, 0, 1954),
  ('qm', 12, 1, 3083),
  ('qm', 12, 0, 5987),
  ('qm', 12, 0, 6149),
  ('qm', 12, 1, 7039),
  ('qm', 13, 0, 2231),
  ('qm', 13, 0, 2679),
  ('qm', 13, 1, 3835),
  ('qm', 13, 1, 5715),
  ('qm', 13, 1, 6736),
  ('qm', 13, 0, 6740),
  ('qm', 14, 1, 1576),
  ('qm', 14, 0, 1943),
  ('qm', 14, 1, 3388),
  ('qm', 14, 0, 4661),
  ('qm', 14, 1, 5654),
  ('qm', 14, 0, 5747),
  ('qm', 15, 0, 1580),
  ('qm', 15, 1, 2096),
  ('qm', 15, 0, 3083),
  ('qm', 15, 1, 4319),
  ('qm', 15, 1, 5135),
  ('qm', 15, 0, 5614),
  ('qm', 16, 1, 1954),
  ('qm', 16, 1, 3075),
  ('qm', 16, 0, 4416),
  ('qm', 16, 0, 4744),
  ('qm', 16, 0, 6149),
  ('qm', 16, 1, 6230),
  ('qm', 17, 1, 1942),
  ('qm', 17, 0, 3339),
  ('qm', 17, 0, 5635),
  ('qm', 17, 1, 5987),
  ('qm', 17, 0, 6741),
  ('qm', 17, 1, 7177),
  ('qm', 18, 1, 3065),
  ('qm', 18, 0, 4320),
  ('qm', 18, 0, 4649),
  ('qm', 18, 1, 5291),
  ('qm', 18, 1, 5554),
  ('qm', 18, 0, 7039),
  ('qm', 19, 1, 1580),
  ('qm', 19, 0, 2096),
  ('qm', 19, 0, 3075),
  ('qm', 19, 1, 4319),
  ('qm', 19, 1, 5747),
  ('qm', 19, 0, 6740),
  ('qm', 20, 0, 1942),
  ('qm', 20, 1, 4661),
  ('qm', 20, 0, 5614),
  ('qm', 20, 1, 5715),
  ('qm', 20, 1, 6149),
  ('qm', 20, 0, 6230),
  ('qm', 21, 1, 2231),
  ('qm', 21, 1, 3339),
  ('qm', 21, 0, 3388),
  ('qm', 21, 1, 4649),
  ('qm', 21, 0, 4744),
  ('qm', 21, 0, 5635),
  ('qm', 22, 1, 1954),
  ('qm', 22, 0, 3835),
  ('qm', 22, 1, 5135),
  ('qm', 22, 0, 5291),
  ('qm', 22, 0, 6741),
  ('qm', 22, 1, 7039),
  ('qm', 23, 0, 1576),
  ('qm', 23, 1, 3065),
  ('qm', 23, 1, 4320),
  ('qm', 23, 1, 5654),
  ('qm', 23, 0, 5987),
  ('qm', 23, 0, 6736),
  ('qm', 24, 1, 1943),
  ('qm', 24, 1, 2679),
  ('qm', 24, 1, 3083),
  ('qm', 24, 0, 4416),
  ('qm', 24, 0, 5554),
  ('qm', 24, 0, 7177),
  ('qm', 25, 0, 1942),
  ('qm', 25, 1, 2231),
  ('qm', 25, 0, 3075),
  ('qm', 25, 0, 4744),
  ('qm', 25, 1, 5291),
  ('qm', 25, 1, 5614),
  ('qm', 26, 1, 1954),
  ('qm', 26, 0, 3339),
  ('qm', 26, 0, 5135),
  ('qm', 26, 1, 5635),
  ('qm', 26, 0, 5715),
  ('qm', 26, 1, 6736),
  ('qm', 27, 0, 2679),
  ('qm', 27, 1, 3388),
  ('qm', 27, 1, 4320),
  ('qm', 27, 0, 4649),
  ('qm', 27, 1, 5747),
  ('qm', 27, 0, 6149),
  ('qm', 28, 0, 4319),
  ('qm', 28, 0, 4416),
  ('qm', 28, 1, 4661),
  ('qm', 28, 1, 5654),
  ('qm', 28, 1, 5987),
  ('qm', 28, 0, 7039),
  ('qm', 29, 1, 1943),
  ('qm', 29, 1, 2096),
  ('qm', 29, 0, 3065),
  ('qm', 29, 0, 3835),
  ('qm', 29, 1, 5554),
  ('qm', 29, 0, 6230),
  ('qm', 30, 0, 1576),
  ('qm', 30, 0, 1580),
  ('qm', 30, 1, 3083),
  ('qm', 30, 1, 6740),
  ('qm', 30, 0, 6741),
  ('qm', 30, 1, 7177),
  ('qm', 31, 0, 3339),
  ('qm', 31, 1, 4416),
  ('qm', 31, 0, 5614),
  ('qm', 31, 1, 5747),
  ('qm', 31, 1, 5987),
  ('qm', 31, 0, 7039),
  ('qm', 32, 0, 1954),
  ('qm', 32, 1, 2679),
  ('qm', 32, 1, 3075),
  ('qm', 32, 0, 4649),
  ('qm', 32, 0, 5291),
  ('qm', 32, 1, 5635),
  ('qm', 33, 0, 1580),
  ('qm', 33, 0, 3835),
  ('qm', 33, 0, 4320),
  ('qm', 33, 1, 5654),
  ('qm', 33, 1, 5715),
  ('qm', 33, 1, 6230),
  ('qm', 34, 1, 1942),
  ('qm', 34, 0, 3083),
  ('qm', 34, 1, 3388),
  ('qm', 34, 0, 4319),
  ('qm', 34, 1, 4661),
  ('qm', 34, 0, 6736),
  ('qm', 35, 1, 2096),
  ('qm', 35, 1, 2231),
  ('qm', 35, 0, 5554),
  ('qm', 35, 0, 6740),
  ('qm', 35, 0, 6741),
  ('qm', 35, 1, 7177),
  ('qm', 36, 0, 1576),
  ('qm', 36, 1, 1943),
  ('qm', 36, 1, 3065),
  ('qm', 36, 0, 4744),
  ('qm', 36, 0, 5135),
  ('qm', 36, 1, 6149),
  ('qm', 37, 1, 1580),
  ('qm', 37, 1, 3075),
  ('qm', 37, 0, 3083),
  ('qm', 37, 0, 4661),
  ('qm', 37, 0, 5635),
  ('qm', 37, 1, 5654),
  ('qm', 38, 0, 3388),
  ('qm', 38, 1, 5291),
  ('qm', 38, 1, 6230),
  ('qm', 38, 0, 6736),
  ('qm', 38, 1, 7039),
  ('qm', 38, 0, 7177),
  ('qm', 39, 0, 1954),
  ('qm', 39, 0, 3835),
  ('qm', 39, 1, 4319),
  ('qm', 39, 1, 4320),
  ('qm', 39, 1, 4744),
  ('qm', 39, 0, 6740),
  ('qm', 40, 0, 2231),
  ('qm', 40, 1, 4416),
  ('qm', 40, 1, 5135),
  ('qm', 40, 0, 5747),
  ('qm', 40, 0, 6149),
  ('qm', 40, 1, 6741),
  ('qm', 41, 1, 1576),
  ('qm', 41, 1, 2679),
  ('qm', 41, 0, 3065),
  ('qm', 41, 1, 5554),
  ('qm', 41, 0, 5614),
  ('qm', 41, 0, 5987),
  ('qm', 42, 1, 1942),
  ('qm', 42, 1, 1943),
  ('qm', 42, 0, 2096),
  ('qm', 42, 1, 3339),
  ('qm', 42, 0, 4649),
  ('qm', 42, 0, 5715),
  ('qm', 43, 0, 2231),
  ('qm', 43, 1, 3388),
  ('qm', 43, 0, 5635),
  ('qm', 43, 0, 5654),
  ('qm', 43, 1, 6149),
  ('qm', 43, 1, 6740),
  ('qm', 44, 0, 4320),
  ('qm', 44, 0, 5135),
  ('qm', 44, 0, 5614),
  ('qm', 44, 1, 5747),
  ('qm', 44, 1, 7039),
  ('qm', 44, 1, 7177),
  ('qm', 45, 0, 2679),
  ('qm', 45, 1, 4649),
  ('qm', 45, 0, 4661),
  ('qm', 45, 1, 4744),
  ('qm', 45, 1, 5554),
  ('qm', 45, 0, 6741),
  ('qm', 46, 1, 1576),
  ('qm', 46, 0, 1942),
  ('qm', 46, 0, 4319),
  ('qm', 46, 1, 4416),
  ('qm', 46, 0, 5715),
  ('qm', 46, 1, 6230),
  ('qm', 47, 1, 1580),
  ('qm', 47, 1, 1943),
  ('qm', 47, 1, 1954),
  ('qm', 47, 0, 3075),
  ('qm', 47, 0, 5291),
  ('qm', 47, 0, 5987),
  ('qm', 48, 0, 2096),
  ('qm', 48, 0, 3065),
  ('qm', 48, 1, 3083),
  ('qm', 48, 1, 3339),
  ('qm', 48, 1, 3835),
  ('qm', 48, 0, 6736),
  ('qm', 49, 0, 1942),
  ('qm', 49, 0, 2679),
  ('qm', 49, 1, 4319),
  ('qm', 49, 1, 4661),
  ('qm', 49, 0, 5135),
  ('qm', 49, 1, 6740),
  ('qm', 50, 0, 1943),
  ('qm', 50, 1, 2231),
  ('qm', 50, 1, 3075),
  ('qm', 50, 0, 4744),
  ('qm', 50, 0, 6230),
  ('qm', 50, 1, 7039),
  ('qm', 51, 0, 2096),
  ('qm', 51, 0, 3388),
  ('qm', 51, 1, 4320),
  ('qm', 51, 0, 4416),
  ('qm', 51, 1, 5635),
  ('qm', 51, 1, 7177),
  ('qm', 52, 0, 1576),
  ('qm', 52, 0, 1954),
  ('qm', 52, 1, 3835),
  ('qm', 52, 1, 5554),
  ('qm', 52, 1, 5614),
  ('qm', 52, 0, 5747),
  ('qm', 53, 1, 3339),
  ('qm', 53, 1, 5291),
  ('qm', 53, 0, 5654),
  ('qm', 53, 0, 6149),
  ('qm', 53, 1, 6736),
  ('qm', 53, 0, 6741),
  ('qm', 54, 1, 1580),
  ('qm', 54, 0, 3065),
  ('qm', 54, 0, 3083),
  ('qm', 54, 1, 4649),
  ('qm', 54, 0, 5715),
  ('qm', 54, 1, 5987),
  ('qm', 55, 0, 1943),
  ('qm', 55, 1, 1954),
  ('qm', 55, 1, 2096),
  ('qm', 55, 1, 5614),
  ('qm', 55, 0, 6740),
  ('qm', 55, 0, 7039),
  ('qm', 56, 0, 3339),
  ('qm', 56, 1, 4319),
  ('qm', 56, 0, 4416),
  ('qm', 56, 0, 4661),
  ('qm', 56, 1, 5291),
  ('qm', 56, 1, 6149),
  ('qm', 57, 0, 1576),
  ('qm', 57, 0, 4649),
  ('qm', 57, 0, 5635),
  ('qm', 57, 1, 6230),
  ('qm', 57, 1, 6736),
  ('qm', 57, 1, 6741),
  ('qm', 58, 1, 1580),
  ('qm', 58, 0, 1942),
  ('qm', 58, 1, 2679),
  ('qm', 58, 1, 3065),
  ('qm', 58, 0, 5654),
  ('qm', 58, 0, 5747),
  ('qm', 59, 0, 3075),
  ('qm', 59, 1, 3388),
  ('qm', 59, 1, 5135),
  ('qm', 59, 1, 5554),
  ('qm', 59, 0, 5715),
  ('qm', 59, 0, 7177),
  ('qm', 60, 1, 2231),
  ('qm', 60, 0, 3083),
  ('qm', 60, 1, 3835),
  ('qm', 60, 0, 4320),
  ('qm', 60, 1, 4744),
  ('qm', 60, 0, 5987),
  ('qm', 61, 0, 3065),
  ('qm', 61, 1, 4416),
  ('qm', 61, 0, 4661),
  ('qm', 61, 1, 5635),
  ('qm', 61, 1, 6740),
  ('qm', 61, 0, 7039),
  ('qm', 62, 0, 1580),
  ('qm', 62, 1, 3388),
  ('qm', 62, 0, 5291),
  ('qm', 62, 1, 5614),
  ('qm', 62, 0, 5715),
  ('qm', 62, 1, 6741),
  ('qm', 63, 0, 1576),
  ('qm', 63, 0, 1943),
  ('qm', 63, 1, 2679),
  ('qm', 63, 0, 3075),
  ('qm', 63, 1, 3339),
  ('qm', 63, 1, 4320),
  ('qm', 64, 1, 2096),
  ('qm', 64, 1, 3835),
  ('qm', 64, 0, 5135),
  ('qm', 64, 1, 5987),
  ('qm', 64, 0, 6149),
  ('qm', 64, 0, 7177),
  ('qm', 65, 0, 1942),
  ('qm', 65, 0, 1954),
  ('qm', 65, 1, 4744),
  ('qm', 65, 0, 5554),
  ('qm', 65, 1, 5654),
  ('qm', 65, 1, 6736),
  ('qm', 66, 0, 2231),
  ('qm', 66, 1, 3083),
  ('qm', 66, 0, 4319),
  ('qm', 66, 1, 4649),
  ('qm', 66, 1, 5747),
  ('qm', 66, 0, 6230),
  ('sf', 1, 1, 1942),
  ('sf', 1, 0, 2231),
  ('sf', 1, 0, 2679),
  ('sf', 1, 0, 3075),
  ('sf', 1, 1, 3835),
  ('sf', 1, 0, 4320),
  ('sf', 1, 0, 4744),
  ('sf', 1, 1, 5614),
  ('sf', 1, 1, 5654),
  ('sf', 1, 0, 5987),
  ('sf', 1, 1, 6736),
  ('sf', 1, 1, 7039),
  ('sf', 2, 1, 1942),
  ('sf', 2, 0, 2231),
  ('sf', 2, 0, 2679),
  ('sf', 2, 0, 3075),
  ('sf', 2, 1, 3835),
  ('sf', 2, 0, 4320),
  ('sf', 2, 0, 4744),
  ('sf', 2, 1, 5614),
  ('sf', 2, 1, 5654),
  ('sf', 2, 0, 5987),
  ('sf', 2, 1, 6736),
  ('sf', 2, 1, 7039),
  ('sf', 3, 1, 1942),
  ('sf', 3, 0, 2679),
  ('sf', 3, 0, 4744),
  ('sf', 3, 1, 5654),
  ('sf', 3, 0, 5987),
  ('sf', 3, 1, 7039);

CREATE table
IF NOT EXISTS `PitScouting`
(
  `team_id` int
(11) NOT NULL,
  `prop_id` int
(11) NOT NULL,
  `prop_value` varchar
(256) NOT NULL,
  PRIMARY KEY
(`team_id`,`prop_id`),
);

INSERT INTO `PitScouting`
VALUES
  (1576, 0, ''),
  (1576, 1, ''),
  (1576, 2, 'קל מאוד'),
  (1576, 3, 'קיט, 2 סים כל צד המרה 1:10'),
  (1576, 4, '1'),
  (1576, 5, '1'),
  (1576, 6, '0'),
  (1576, 7, '0'),
  (1576, 8, '0'),
  (1576, 9, 'רמפה. לא נראה מדהים'),
  (1576, 10, 'רק מצלמה'),
  (1576, 11, 'סופת חול דיסק, טלפאופ כדורים והגנה.'),
  (1690, 0, ''),
  (1690, 1, ''),
  (1690, 2, '124.6'),
  (1690, 3, '775 בלי שיפור'),
  (1690, 4, '1'),
  (1690, 5, '1'),
  (1690, 6, '1'),
  (1690, 7, '1'),
  (1690, 8, '1'),
  (1690, 9, 'מגניב רצח'),
  (1690, 10, 'אוטונומי 2 דיסקים לטיל רחוק, דיסק בכל צד, 2 קרגו לספינה.'),
  (1690, 11, 'נהג לא משתמש במצלמות'),
  (1937, 0, ''),
  (1937, 1, ''),
  (1937, 2, ''),
  (1937, 3, 'קיט'),
  (1937, 4, '1'),
  (1937, 5, '1'),
  (1937, 6, '1'),
  (1937, 7, '1'),
  (1937, 8, '1'),
  (1937, 9, 'רגל מאחורה'),
  (1937, 10, 'שליטת נהגים עם מצלמה, יש עיבוד תמונה אבל לא משתמשים בעיבוד תמונה'),
  (1937, 11, 'מעדיפים כדורים'),
  (1954, 0, ''),
  (1954, 1, ''),
  (1954, 2, '114 פאונד'),
  (1954, 3, 'קיט, 2 סים כל צד'),
  (1954, 4, '0'),
  (1954, 5, '1'),
  (1954, 6, '0'),
  (1954, 7, '0'),
  (1954, 8, '0'),
  (1954, 9, 'בוכנות ענקיות לגבוה'),
  (1954, 10, ''),
  (1954, 11, ''),
  (2230, 0, ''),
  (2230, 1, ''),
  (2230, 2, '105 פאונד'),
  (2230, 3, '2 פנאומטים בקצה, באמצע גלגל גדול עם חיכוך'),
  (2230, 4, '0'),
  (2230, 5, '1'),
  (2230, 6, '0'),
  (2230, 7, '0'),
  (2230, 8, '1'),
  (2230, 9, 'פורבר'),
  (2230, 10, 'מצלמה לנהגים'),
  (2230, 11, 'רובוט הגנה. עושה רק דיסקים לנמוך ומטפס לגבוה'),
  (3083, 0, '74'),
  (3083, 1, '74'),
  (3083, 2, '123.6'),
  (3083, 3, '3 סימים כל צד 8.45 ל1'),
  (6740, 0, ''),
  (6740, 1, ''),
  (6740, 2, ''),
  (6740, 3, 'ווסט קואוסט 6 קולסונים 4 אינץ אמצעי מונמץ'),
  (6740, 4, '1'),
  (6740, 5, '0'),
  (6740, 6, '0'),
  (6740, 7, '1'),
  (6740, 8, '0'),
  (6740, 9, ''),
  (6740, 10, 'כדור נהגים בסנדסטורם'),
  (6740, 11, 'מעדיפים כדורים. רובוט הגנה'),
  (7039, 0, ''),
  (7039, 1, ''),
  (7039, 2, ''),
  (7039, 3, '8 על 8, לחיים, אימני קצוות,גלגלי חיכוך מונמכים באמצע'),
  (7039, 4, '1'),
  (7039, 5, '0'),
  (7039, 6, '1'),
  (7039, 7, '1'),
  (7039, 8, '0'),
  (7039, 9, '2 מוטות מאחורה, איסוף נשען על הרמפה'),
  (7039, 10, 'מצלמות ונהגים'),
  (7039, 11, 'אוספים כדורים רק מהרצפה, דיסקים רק מהפידר עם סקוצים.'),
  (7067, 0, ''),
  (7067, 1, ''),
  (7067, 2, ''),
  (7067, 3, 'קיט'),
  (7067, 4, '1'),
  (7067, 5, '1'),
  (7067, 6, '0'),
  (7067, 7, '1'),
  (7067, 8, '0'),
  (7067, 9, '2 רגליים, איטי מאוד ועוד לא בדקו'),
  (7067, 10, 'נהגים בסנדסטורם, דיסק לאמצע'),
  (7067, 11, ''),
  (7845, 0, ''),
  (7845, 1, ''),
  (7845, 2, ''),
  (7845, 3, 'קיט, 2 סים עם 1:10'),
  (7845, 4, '1'),
  (7845, 5, '1'),
  (7845, 6, '0'),
  (7845, 7, '1'),
  (7845, 8, '0'),
  (7845, 9, ''),
  (7845, 10, 'מצלמות לנהגים'),
  (7845, 11, 'מעדיפים לא לעשות דיסקים. מעדיפים לאסוף מהרצפה ולא מהפידר');

CREATE table
IF NOT EXISTS `PitScoutingProps`
(
  `prop_id` int
(11) NOT NULL,
  `prop_description` varchar
(64) NOT NULL,
  `prop_style` varchar
(64) NOT NULL,
  `prop_type` varchar
(64) NOT NULL,
  `prop_child` int
(11) DEFAULT NULL,
  PRIMARY KEY
(`prop_id`)
) ;

INSERT INTO `PitScoutingProps`
VALUES
  (0, 'width', 'Textarea', 'text', 0),
  (1, 'height', 'Textarea', 'text', 0),
  (2, 'weight', 'Textarea', 'text', 0),
  (3, 'chassis_desc', 'Textarea', 'text', 0),
  (4, 'deals_with_disks', 'Checkbox', 'boolean', 0),
  (5, 'deals_with_balls', 'Checkbox', 'boolean', 0),
  (6, 'disk_from_floor', 'Checkbox', 'boolean', 0),
  (7, 'ball_from_floor', 'Checkbox', 'boolean', 0),
  (8, 'score_high', 'Checkbox', 'boolean', 0),
  (9, 'climb_desc', 'Textarea', 'text', 0),
  (10, 'coding_language', 'Textarea', 'text', 0),
  (11, 'comments', 'Textarea', 'text', 0);

CREATE table
IF NOT EXISTS `TeamScouting`
(
  `game_id` int
(11) NOT NULL,
  `team_id` int
(11) NOT NULL,
  `prop_id` int
(11) NOT NULL,
  `prop_value` varchar
(256) NOT NULL,
  PRIMARY KEY
(`game_id`,`team_id`,`prop_id`)
);

INSERT INTO `TeamScouting`
VALUES
  (101, 1690, 18, 'נתקע כדטר ברובוט'),
  (101, 1690, 32, 'קפלן'),
  (102, 1937, 0, 'אמצע'),
  (102, 1937, 1, 'בינוני'),
  (102, 1937, 2, '0'),
  (102, 1937, 3, '1'),
  (102, 1937, 4, '0'),
  (102, 1937, 5, '0'),
  (102, 1937, 6, '0'),
  (102, 1937, 7, '5'),
  (102, 1937, 8, '0'),
  (102, 1937, 9, '0'),
  (102, 1937, 10, '0'),
  (102, 1937, 11, '0'),
  (102, 1937, 12, '0'),
  (102, 1937, 13, '0'),
  (102, 1937, 14, '0'),
  (102, 1937, 15, '1'),
  (102, 1937, 16, '0'),
  (102, 1937, 17, '0'),
  (102, 1937, 18, 'שמו שני כדוריםנ באותו חור'),
  (102, 1937, 32, 'קפלן'),
  (102, 2230, 0, 'שמאל'),
  (102, 2230, 1, 'בינוני'),
  (102, 2230, 2, '0'),
  (102, 2230, 3, '0'),
  (102, 2230, 4, '0'),
  (102, 2230, 5, '0'),
  (102, 2230, 6, '0'),
  (102, 2230, 7, '0'),
  (102, 2230, 8, '0'),
  (102, 2230, 9, '0'),
  (102, 2230, 10, '0'),
  (102, 2230, 11, '2'),
  (102, 2230, 12, '0'),
  (102, 2230, 13, '0'),
  (102, 2230, 14, '1'),
  (102, 2230, 15, '1'),
  (102, 2230, 16, '0'),
  (102, 2230, 17, '0'),
  (102, 2230, 18, ''),
  (102, 2230, 32, 'גומא'),
  (102, 3065, 0, 'אמצע'),
  (102, 3065, 1, ' נמוך'),
  (102, 3065, 2, '0'),
  (102, 3065, 3, '0'),
  (102, 3065, 4, '0'),
  (102, 3065, 5, '0'),
  (102, 3065, 6, '0'),
  (102, 3065, 7, '0'),
  (102, 3065, 8, '0'),
  (102, 3065, 9, '0'),
  (102, 3065, 10, '0'),
  (102, 3065, 11, '0'),
  (102, 3065, 12, '0'),
  (102, 3065, 13, '0'),
  (102, 3065, 14, '0'),
  (102, 3065, 15, '0'),
  (102, 3065, 16, '0'),
  (102, 3065, 17, '0'),
  (102, 3065, 18, 'עלה על כדור והתהפך'),
  (102, 3065, 32, 'פולק'),
  (102, 4590, 0, 'שמאל'),
  (102, 4590, 1, 'בינוני'),
  (102, 4590, 2, '0'),
  (102, 4590, 3, '0'),
  (102, 4590, 4, '0'),
  (102, 4590, 5, '1'),
  (102, 4590, 6, '0'),
  (102, 4590, 7, '0'),
  (102, 4590, 8, '0'),
  (102, 4590, 9, '0'),
  (102, 4590, 10, '0'),
  (102, 4590, 11, '1'),
  (102, 4590, 12, '0'),
  (102, 4590, 13, '0'),
  (102, 4590, 14, '1'),
  (102, 4590, 15, '0'),
  (102, 4590, 16, '1'),
  (102, 4590, 17, '0'),
  (102, 4590, 18, 'הגנה סבבה'),
  (102, 4590, 32, 'מיכל'),
  (102, 5951, 0, 'שמאל'),
  (102, 5951, 1, 'בינוני'),
  (102, 5951, 2, '0'),
  (102, 5951, 3, '0'),
  (102, 5951, 4, '0'),
  (102, 5951, 5, '0'),
  (102, 5951, 6, '0'),
  (102, 5951, 7, '3'),
  (102, 5951, 8, '1'),
  (102, 5951, 9, '0'),
  (102, 5951, 10, '0'),
  (102, 5951, 11, '0'),
  (102, 5951, 12, '1'),
  (102, 5951, 13, '0'),
  (102, 5951, 14, '0'),
  (102, 5951, 15, '0'),
  (102, 5951, 16, '1'),
  (102, 5951, 17, '0'),
  (102, 5951, 18, 'שמו דיסק באוטנמי חרא ואז הוא נפל'),
  (102, 5951, 32, 'רתם'),
  (102, 5987, 0, 'ימין'),
  (102, 5987, 1, ' נמוך'),
  (102, 5987, 2, '0'),
  (102, 5987, 3, '0'),
  (102, 5987, 4, '0'),
  (102, 5987, 5, '1'),
  (102, 5987, 6, '0'),
  (102, 5987, 7, '3'),
  (102, 5987, 8, '1'),
  (102, 5987, 9, '0'),
  (102, 5987, 10, '0'),
  (102, 5987, 11, '3'),
  (102, 5987, 12, '0'),
  (102, 5987, 13, '0'),
  (102, 5987, 14, '0'),
  (102, 5987, 15, '1'),
  (102, 5987, 16, '0'),
  (102, 5987, 17, '0'),
  (102, 5987, 18, ''),
  (102, 5987, 32, 'ראם'),
  (103, 2096, 0, 'ימין'),
  (103, 2096, 1, 'בינוני'),
  (103, 2096, 2, '1'),
  (103, 2096, 3, '0'),
  (103, 2096, 4, '0'),
  (103, 2096, 5, '0'),
  (103, 2096, 6, '0'),
  (103, 2096, 7, '0'),
  (103, 2096, 8, '0'),
  (103, 2096, 9, '0'),
  (103, 2096, 10, '0'),
  (103, 2096, 11, '0'),
  (103, 2096, 12, '0'),
  (103, 2096, 13, '0'),
  (103, 2096, 14, '1'),
  (103, 2096, 15, '1'),
  (103, 2096, 16, '0'),
  (103, 2096, 17, '0'),
  (103, 2096, 18, 'הגנה טובה אבל לא מספיק ניטרלו את 5038'),
  (103, 2096, 32, 'מיכל'),
  (103, 3339, 0, 'שמאל'),
  (103, 3339, 1, 'בינוני'),
  (103, 3339, 2, '0'),
  (103, 3339, 3, '0'),
  (103, 3339, 4, '0'),
  (103, 3339, 5, '0'),
  (103, 3339, 6, '0'),
  (103, 3339, 7, '4'),
  (103, 3339, 8, '0'),
  (103, 3339, 9, '0'),
  (103, 3339, 10, '0'),
  (103, 3339, 11, '1'),
  (103, 3339, 12, '2'),
  (103, 3339, 13, '1'),
  (103, 3339, 14, '0'),
  (103, 3339, 15, '0'),
  (103, 3339, 16, '0'),
  (103, 3339, 17, '1'),
  (103, 3339, 18, 'שמו שני כדורים באותו חור בקרגו'),
  (103, 3339, 32, 'קפלן'),
  (103, 5038, 0, 'שמאל'),
  (103, 5038, 1, 'בינוני'),
  (103, 5038, 2, '0'),
  (103, 5038, 3, '1'),
  (103, 5038, 4, '0'),
  (103, 5038, 5, '0'),
  (103, 5038, 6, '0'),
  (103, 5038, 7, '3'),
  (103, 5038, 8, '1'),
  (103, 5038, 9, '0'),
  (103, 5038, 10, '0'),
  (103, 5038, 11, '0'),
  (103, 5038, 12, '0'),
  (103, 5038, 13, '0'),
  (103, 5038, 14, '0'),
  (103, 5038, 15, '0'),
  (103, 5038, 16, '1'),
  (103, 5038, 17, '0'),
  (103, 5038, 18, ''),
  (103, 5038, 32, 'רתם'),
  (103, 5990, 0, 'ימין'),
  (103, 5990, 1, ' נמוך'),
  (103, 5990, 2, '0'),
  (103, 5990, 3, '0'),
  (103, 5990, 4, '0'),
  (103, 5990, 5, '0'),
  (103, 5990, 6, '0'),
  (103, 5990, 7, '0'),
  (103, 5990, 8, '0'),
  (103, 5990, 9, '0'),
  (103, 5990, 10, '0'),
  (103, 5990, 11, '0'),
  (103, 5990, 12, '0'),
  (103, 5990, 13, '0'),
  (103, 5990, 14, '1'),
  (103, 5990, 15, '1'),
  (103, 5990, 16, '0'),
  (103, 5990, 17, '0'),
  (103, 5990, 18, ''),
  (103, 5990, 32, 'פולק'),
  (103, 6738, 0, 'שמאל'),
  (103, 6738, 1, 'בינוני'),
  (103, 6738, 2, '0'),
  (103, 6738, 3, '0'),
  (103, 6738, 4, '0'),
  (103, 6738, 5, '0'),
  (103, 6738, 6, '0'),
  (103, 6738, 7, '0'),
  (103, 6738, 8, '0'),
  (103, 6738, 9, '0'),
  (103, 6738, 10, '0'),
  (103, 6738, 11, '4'),
  (103, 6738, 12, '3'),
  (103, 6738, 13, '0'),
  (103, 6738, 14, '0'),
  (103, 6738, 15, '0'),
  (103, 6738, 16, '1'),
  (103, 6738, 17, '0'),
  (103, 6738, 18, 'איסוף דיסקים מהפידר הפסיק לעבוד באמצע'),
  (103, 6738, 32, 'גומא'),
  (103, 7039, 0, 'אמצע'),
  (103, 7039, 1, ' נמוך'),
  (103, 7039, 2, '0'),
  (103, 7039, 3, '1'),
  (103, 7039, 4, '0'),
  (103, 7039, 5, '0'),
  (103, 7039, 6, '0'),
  (103, 7039, 7, '4'),
  (103, 7039, 8, '3'),
  (103, 7039, 9, '0'),
  (103, 7039, 10, '0'),
  (103, 7039, 11, '0'),
  (103, 7039, 12, '1'),
  (103, 7039, 13, '0'),
  (103, 7039, 14, '0'),
  (103, 7039, 15, '1'),
  (103, 7039, 16, '0'),
  (103, 7039, 17, '0'),
  (103, 7039, 18, 'לא הצליחו לטפס על מדרגה נמוכה'),
  (103, 7039, 32, 'ראם'),
  (104, 1576, 0, 'אמצע'),
  (104, 1576, 1, ' נמוך'),
  (104, 1576, 2, '0'),
  (104, 1576, 3, '1'),
  (104, 1576, 4, '0'),
  (104, 1576, 5, '0'),
  (104, 1576, 6, '0'),
  (104, 1576, 7, '0'),
  (104, 1576, 8, '0'),
  (104, 1576, 9, '0'),
  (104, 1576, 10, '0'),
  (104, 1576, 11, '0'),
  (104, 1576, 12, '0'),
  (104, 1576, 13, '0'),
  (104, 1576, 14, '1'),
  (104, 1576, 15, '1'),
  (104, 1576, 16, '0'),
  (104, 1576, 17, '0'),
  (104, 1576, 18, ''),
  (104, 1576, 32, 'גומא'),
  (104, 1942, 0, 'ימין'),
  (104, 1942, 1, 'בינוני'),
  (104, 1942, 2, '0'),
  (104, 1942, 3, '0'),
  (104, 1942, 4, '0'),
  (104, 1942, 5, '0'),
  (104, 1942, 6, '0'),
  (104, 1942, 7, '0'),
  (104, 1942, 8, '0'),
  (104, 1942, 9, '0'),
  (104, 1942, 10, '0'),
  (104, 1942, 11, '1'),
  (104, 1942, 12, '0'),
  (104, 1942, 13, '0'),
  (104, 1942, 14, '1'),
  (104, 1942, 15, '0'),
  (104, 1942, 16, '0'),
  (104, 1942, 17, '1'),
  (104, 1942, 18, 'הגנה על 7177'),
  (104, 1942, 32, 'מיכל'),
  (104, 3316, 0, 'שמאל'),
  (104, 3316, 1, 'בינוני'),
  (104, 3316, 2, '1'),
  (104, 3316, 3, '0'),
  (104, 3316, 4, '0'),
  (104, 3316, 5, '0'),
  (104, 3316, 6, '0'),
  (104, 3316, 7, '3'),
  (104, 3316, 8, '4'),
  (104, 3316, 9, '0'),
  (104, 3316, 10, '0'),
  (104, 3316, 11, '0'),
  (104, 3316, 12, '0'),
  (104, 3316, 13, '0'),
  (104, 3316, 14, '0'),
  (104, 3316, 15, '1'),
  (104, 3316, 16, '0'),
  (104, 3316, 17, '0'),
  (104, 3316, 18, ''),
  (104, 3316, 32, 'ראם'),
  (104, 5554, 0, 'אמצע'),
  (104, 5554, 1, ' נמוך'),
  (104, 5554, 2, '0'),
  (104, 5554, 3, '1'),
  (104, 5554, 4, '0'),
  (104, 5554, 5, '0'),
  (104, 5554, 6, '0'),
  (104, 5554, 7, '4'),
  (104, 5554, 8, '1'),
  (104, 5554, 9, '0'),
  (104, 5554, 10, '1'),
  (104, 5554, 11, '2'),
  (104, 5554, 12, '0'),
  (104, 5554, 13, '0'),
  (104, 5554, 14, '0'),
  (104, 5554, 15, '1'),
  (104, 5554, 16, '0'),
  (104, 5554, 17, '0'),
  (104, 5554, 18, ''),
  (104, 5554, 32, 'קפלן'),
  (104, 6230, 0, 'ימין'),
  (104, 6230, 1, ' נמוך'),
  (104, 6230, 2, '0'),
  (104, 6230, 3, '0'),
  (104, 6230, 4, '0'),
  (104, 6230, 5, '0'),
  (104, 6230, 6, '0'),
  (104, 6230, 7, '3'),
  (104, 6230, 8, '0'),
  (104, 6230, 9, '0'),
  (104, 6230, 10, '0'),
  (104, 6230, 11, '3'),
  (104, 6230, 12, '0'),
  (104, 6230, 13, '0'),
  (104, 6230, 14, '0'),
  (104, 6230, 15, '1'),
  (104, 6230, 16, '0'),
  (104, 6230, 17, '0'),
  (104, 6230, 18, ''),
  (104, 6230, 32, 'פולק'),
  (104, 7177, 0, 'שמאל'),
  (104, 7177, 1, 'בינוני'),
  (104, 7177, 2, '1'),
  (104, 7177, 3, '0'),
  (104, 7177, 4, '0'),
  (104, 7177, 5, '0'),
  (104, 7177, 6, '0'),
  (104, 7177, 7, '3'),
  (104, 7177, 8, '1'),
  (104, 7177, 9, '0'),
  (104, 7177, 10, '0'),
  (104, 7177, 11, '0'),
  (104, 7177, 12, '0'),
  (104, 7177, 13, '0'),
  (104, 7177, 14, '0'),
  (104, 7177, 15, '0'),
  (104, 7177, 16, '0'),
  (104, 7177, 17, '1'),
  (104, 7177, 18, 'טיפסו על 1576'),
  (104, 7177, 32, 'רתם'),
  (105, 1690, 0, 'ימין'),
  (105, 1690, 1, ' נמוך'),
  (105, 1690, 2, '0'),
  (105, 1690, 3, '1'),
  (105, 1690, 4, '0'),
  (105, 1690, 5, '0'),
  (105, 1690, 6, '0'),
  (105, 1690, 7, '2'),
  (105, 1690, 8, '2'),
  (105, 1690, 9, '0'),
  (105, 1690, 10, '0'),
  (105, 1690, 11, '0'),
  (105, 1690, 12, '2'),
  (105, 1690, 13, '0'),
  (105, 1690, 14, '0'),
  (105, 1690, 15, '0'),
  (105, 1690, 16, '0'),
  (105, 1690, 17, '1'),
  (105, 1690, 18, 'היה להם מאוד קשה נגד הגנה הפילו הרבה חםצי מגרש'),
  (105, 1690, 32, 'קפלן'),
  (105, 2630, 0, 'אמצע'),
  (105, 2630, 1, ' נמוך'),
  (105, 2630, 2, '0'),
  (105, 2630, 3, '0'),
  (105, 2630, 4, '0'),
  (105, 2630, 5, '0'),
  (105, 2630, 6, '0'),
  (105, 2630, 7, '3'),
  (105, 2630, 8, '0'),
  (105, 2630, 9, '0'),
  (105, 2630, 10, '0'),
  (105, 2630, 11, '2'),
  (105, 2630, 12, '0'),
  (105, 2630, 13, '0'),
  (105, 2630, 14, '0'),
  (105, 2630, 15, '0'),
  (105, 2630, 16, '1'),
  (105, 2630, 17, '0'),
  (105, 2630, 18, 'שופט עם 2 אי קיו לא יודע לספור פאולים'),
  (105, 2630, 32, 'ראם'),
  (105, 4320, 0, 'שמאל'),
  (105, 4320, 1, ' נמוך'),
  (105, 4320, 2, '0'),
  (105, 4320, 3, '0'),
  (105, 4320, 4, '0'),
  (105, 4320, 5, '0'),
  (105, 4320, 6, '0'),
  (105, 4320, 7, '1'),
  (105, 4320, 8, '0'),
  (105, 4320, 9, '0'),
  (105, 4320, 10, '0'),
  (105, 4320, 11, '0'),
  (105, 4320, 12, '0'),
  (105, 4320, 13, '0'),
  (105, 4320, 14, '1'),
  (105, 4320, 15, '0'),
  (105, 4320, 16, '0'),
  (105, 4320, 17, '0'),
  (105, 4320, 18, 'קיבל פאול הגנה ולא הספיק להגיע'),
  (105, 4320, 32, 'מיכל'),
  (105, 5635, 0, 'אמצע'),
  (105, 5635, 1, ' נמוך'),
  (105, 5635, 2, '0'),
  (105, 5635, 3, '1'),
  (105, 5635, 4, '0'),
  (105, 5635, 5, '0'),
  (105, 5635, 6, '0'),
  (105, 5635, 7, '0'),
  (105, 5635, 8, '0'),
  (105, 5635, 9, '0'),
  (105, 5635, 10, '0'),
  (105, 5635, 11, '3'),
  (105, 5635, 12, '0'),
  (105, 5635, 13, '0'),
  (105, 5635, 14, '0'),
  (105, 5635, 15, '0'),
  (105, 5635, 16, '0'),
  (105, 5635, 17, '1'),
  (105, 5635, 18, ''),
  (105, 5635, 32, 'גומא'),
  (105, 6740, 0, 'שמאל'),
  (105, 6740, 1, 'בינוני'),
  (105, 6740, 2, '0'),
  (105, 6740, 3, '0'),
  (105, 6740, 4, '0'),
  (105, 6740, 5, '0'),
  (105, 6740, 6, '0'),
  (105, 6740, 7, '0'),
  (105, 6740, 8, '0'),
  (105, 6740, 9, '0'),
  (105, 6740, 10, '0'),
  (105, 6740, 11, '0'),
  (105, 6740, 12, '0'),
  (105, 6740, 13, '0'),
  (105, 6740, 14, '1'),
  (105, 6740, 15, '0'),
  (105, 6740, 16, '0'),
  (105, 6740, 17, '0'),
  (105, 6740, 18, ''),
  (105, 6740, 32, 'פולק'),
  (106, 1937, 0, 'אמצע'),
  (106, 1937, 1, ' נמוך'),
  (106, 1937, 2, '0'),
  (106, 1937, 3, '1'),
  (106, 1937, 4, '0'),
  (106, 1937, 5, '0'),
  (106, 1937, 6, '0'),
  (106, 1937, 7, '5'),
  (106, 1937, 8, '1'),
  (106, 1937, 9, '0'),
  (106, 1937, 10, '0'),
  (106, 1937, 11, '0'),
  (106, 1937, 12, '0'),
  (106, 1937, 13, '0'),
  (106, 1937, 14, '0'),
  (106, 1937, 15, '0'),
  (106, 1937, 16, '0'),
  (106, 1937, 17, '1'),
  (106, 1937, 18, ''),
  (106, 1937, 32, 'צבר דה קווין'),
  (106, 2230, 0, 'שמאל'),
  (106, 2230, 1, 'בינוני'),
  (106, 2230, 2, '0'),
  (106, 2230, 3, '0'),
  (106, 2230, 4, '0'),
  (106, 2230, 5, '1'),
  (106, 2230, 6, '0'),
  (106, 2230, 7, '0'),
  (106, 2230, 8, '0'),
  (106, 2230, 9, '0'),
  (106, 2230, 10, '0'),
  (106, 2230, 11, '0'),
  (106, 2230, 12, '0'),
  (106, 2230, 13, '0'),
  (106, 2230, 14, '1'),
  (106, 2230, 15, '1'),
  (106, 2230, 16, '0'),
  (106, 2230, 17, '0'),
  (106, 2230, 18, ''),
  (106, 2230, 32, 'גומא'),
  (106, 3065, 0, 'שמאל'),
  (106, 3065, 1, ' נמוך'),
  (106, 3065, 2, '0'),
  (106, 3065, 3, '0'),
  (106, 3065, 4, '0'),
  (106, 3065, 5, '0'),
  (106, 3065, 6, '0'),
  (106, 3065, 7, '3'),
  (106, 3065, 8, '1'),
  (106, 3065, 9, '0'),
  (106, 3065, 10, '0'),
  (106, 3065, 11, '1'),
  (106, 3065, 12, '1'),
  (106, 3065, 13, '0'),
  (106, 3065, 14, '0'),
  (106, 3065, 15, '0'),
  (106, 3065, 16, '1'),
  (106, 3065, 17, '0'),
  (106, 3065, 18, ''),
  (106, 3065, 32, 'פולק'),
  (106, 5951, 0, 'ימין'),
  (106, 5951, 1, 'בינוני'),
  (106, 5951, 2, '0'),
  (106, 5951, 3, '1'),
  (106, 5951, 4, '0'),
  (106, 5951, 5, '0'),
  (106, 5951, 6, '0'),
  (106, 5951, 7, '4'),
  (106, 5951, 8, '2'),
  (106, 5951, 9, '0'),
  (106, 5951, 10, '0'),
  (106, 5951, 11, '1'),
  (106, 5951, 12, '0'),
  (106, 5951, 13, '0'),
  (106, 5951, 14, '0'),
  (106, 5951, 15, '0'),
  (106, 5951, 16, '1'),
  (106, 5951, 17, '0'),
  (106, 5951, 18, ''),
  (106, 5951, 32, 'רתם'),
  (106, 5987, 0, 'ימין'),
  (106, 5987, 1, ' נמוך'),
  (106, 5987, 2, '0'),
  (106, 5987, 3, '0'),
  (106, 5987, 4, '0'),
  (106, 5987, 5, '0'),
  (106, 5987, 6, '0'),
  (106, 5987, 7, '1'),
  (106, 5987, 8, '1'),
  (106, 5987, 9, '0'),
  (106, 5987, 10, '0'),
  (106, 5987, 11, '3'),
  (106, 5987, 12, '0'),
  (106, 5987, 13, '0'),
  (106, 5987, 14, '0'),
  (106, 5987, 15, '1'),
  (106, 5987, 16, '0'),
  (106, 5987, 17, '0'),
  (106, 5987, 18, 'נשבר מערכת דיסק'),
  (106, 5987, 32, 'ראם'),
  (106, 5990, 0, 'שמאל'),
  (106, 5990, 1, 'בינוני'),
  (106, 5990, 2, '0'),
  (106, 5990, 3, '0'),
  (106, 5990, 4, '0'),
  (106, 5990, 5, '0'),
  (106, 5990, 6, '0'),
  (106, 5990, 7, '0'),
  (106, 5990, 8, '0'),
  (106, 5990, 9, '0'),
  (106, 5990, 10, '0'),
  (106, 5990, 11, '0'),
  (106, 5990, 12, '0'),
  (106, 5990, 13, '0'),
  (106, 5990, 14, '1'),
  (106, 5990, 15, '0'),
  (106, 5990, 16, '1'),
  (106, 5990, 17, '0'),
  (106, 5990, 18, ''),
  (106, 5990, 32, 'עדן'),
  (107, 2096, 0, 'ימין'),
  (107, 2096, 1, 'בינוני'),
  (107, 2096, 2, '1'),
  (107, 2096, 3, '0'),
  (107, 2096, 4, '0'),
  (107, 2096, 5, '0'),
  (107, 2096, 6, '0'),
  (107, 2096, 7, '0'),
  (107, 2096, 8, '0'),
  (107, 2096, 9, '0'),
  (107, 2096, 10, '0'),
  (107, 2096, 11, '0'),
  (107, 2096, 12, '0'),
  (107, 2096, 13, '0'),
  (107, 2096, 14, '1'),
  (107, 2096, 15, '1'),
  (107, 2096, 16, '0'),
  (107, 2096, 17, '0'),
  (107, 2096, 18, ''),
  (107, 2096, 32, 'חן'),
  (107, 3339, 0, 'ימין'),
  (107, 3339, 1, ' נמוך'),
  (107, 3339, 2, '0'),
  (107, 3339, 3, '0'),
  (107, 3339, 4, '0'),
  (107, 3339, 5, '1'),
  (107, 3339, 6, '0'),
  (107, 3339, 7, '1'),
  (107, 3339, 8, '0'),
  (107, 3339, 9, '0'),
  (107, 3339, 10, '0'),
  (107, 3339, 11, '1'),
  (107, 3339, 12, '0'),
  (107, 3339, 13, '0'),
  (107, 3339, 14, '0'),
  (107, 3339, 15, '0'),
  (107, 3339, 16, '0'),
  (107, 3339, 17, '1'),
  (107, 3339, 18, ''),
  (107, 3339, 32, 'צבר דה קווין'),
  (107, 5038, 0, 'אמצע'),
  (107, 5038, 1, ' נמוך'),
  (107, 5038, 2, '0'),
  (107, 5038, 3, '0'),
  (107, 5038, 4, '0'),
  (107, 5038, 5, '0'),
  (107, 5038, 6, '0'),
  (107, 5038, 7, '4'),
  (107, 5038, 8, '0'),
  (107, 5038, 9, '0'),
  (107, 5038, 10, '0'),
  (107, 5038, 11, '1'),
  (107, 5038, 12, '0'),
  (107, 5038, 13, '0'),
  (107, 5038, 14, '0'),
  (107, 5038, 15, '0'),
  (107, 5038, 16, '1'),
  (107, 5038, 17, '0'),
  (107, 5038, 18, 'דיסקים עושים לאט'),
  (107, 5038, 32, 'רתם'),
  (107, 5990, 0, 'ימין'),
  (107, 5990, 1, ' נמוך'),
  (107, 5990, 2, '0'),
  (107, 5990, 3, '0'),
  (107, 5990, 4, '0'),
  (107, 5990, 5, '0'),
  (107, 5990, 6, '0'),
  (107, 5990, 7, '0'),
  (107, 5990, 8, '0'),
  (107, 5990, 9, '0'),
  (107, 5990, 10, '0'),
  (107, 5990, 11, '0'),
  (107, 5990, 12, '0'),
  (107, 5990, 13, '0'),
  (107, 5990, 14, '1'),
  (107, 5990, 15, '1'),
  (107, 5990, 16, '0'),
  (107, 5990, 17, '0'),
  (107, 5990, 18, ''),
  (107, 5990, 32, 'פולק'),
  (107, 6738, 0, 'שמאל'),
  (107, 6738, 1, 'בינוני'),
  (107, 6738, 2, '0'),
  (107, 6738, 3, '0'),
  (107, 6738, 4, '0'),
  (107, 6738, 5, '1'),
  (107, 6738, 6, '0'),
  (107, 6738, 7, '1'),
  (107, 6738, 8, '0'),
  (107, 6738, 9, '0'),
  (107, 6738, 10, '0'),
  (107, 6738, 11, '0'),
  (107, 6738, 12, '0'),
  (107, 6738, 13, '0'),
  (107, 6738, 14, '0'),
  (107, 6738, 15, '1'),
  (107, 6738, 16, '1'),
  (107, 6738, 17, '0'),
  (107, 6738, 18, ''),
  (107, 6738, 32, 'גומא'),
  (107, 7039, 0, 'אמצע'),
  (107, 7039, 1, ' נמוך'),
  (107, 7039, 2, '0'),
  (107, 7039, 3, '1'),
  (107, 7039, 4, '0'),
  (107, 7039, 5, '0'),
  (107, 7039, 6, '0'),
  (107, 7039, 7, '4'),
  (107, 7039, 8, '0'),
  (107, 7039, 9, '0'),
  (107, 7039, 10, '0'),
  (107, 7039, 11, '1'),
  (107, 7039, 12, '0'),
  (107, 7039, 13, '0'),
  (107, 7039, 14, '0'),
  (107, 7039, 15, '0'),
  (107, 7039, 16, '1'),
  (107, 7039, 17, '0'),
  (107, 7039, 18, ''),
  (107, 7039, 32, 'ראם'),
  (108, 1576, 0, 'אמצע'),
  (108, 1576, 1, ' נמוך'),
  (108, 1576, 2, '0'),
  (108, 1576, 3, '1'),
  (108, 1576, 4, '0'),
  (108, 1576, 5, '0'),
  (108, 1576, 6, '0'),
  (108, 1576, 7, '0'),
  (108, 1576, 8, '0'),
  (108, 1576, 9, '0'),
  (108, 1576, 10, '0'),
  (108, 1576, 11, '0'),
  (108, 1576, 12, '0'),
  (108, 1576, 13, '0'),
  (108, 1576, 14, '1'),
  (108, 1576, 15, '1'),
  (108, 1576, 16, '0'),
  (108, 1576, 17, '0'),
  (108, 1576, 18, 'הגנה ממש טובה'),
  (108, 1576, 32, 'גומא'),
  (108, 1942, 0, 'ימין'),
  (108, 1942, 1, 'בינוני'),
  (108, 1942, 2, '0'),
  (108, 1942, 3, '0'),
  (108, 1942, 4, '0'),
  (108, 1942, 5, '0'),
  (108, 1942, 6, '0'),
  (108, 1942, 7, '0'),
  (108, 1942, 8, '0'),
  (108, 1942, 9, '0'),
  (108, 1942, 10, '0'),
  (108, 1942, 11, '1'),
  (108, 1942, 12, '0'),
  (108, 1942, 13, '0'),
  (108, 1942, 14, '1'),
  (108, 1942, 15, '0'),
  (108, 1942, 16, '0'),
  (108, 1942, 17, '1'),
  (108, 1942, 18, ''),
  (108, 1942, 32, 'חן'),
  (108, 3316, 0, 'שמאל'),
  (108, 3316, 1, 'בינוני'),
  (108, 3316, 2, '1'),
  (108, 3316, 3, '0'),
  (108, 3316, 4, '0'),
  (108, 3316, 5, '0'),
  (108, 3316, 6, '0'),
  (108, 3316, 7, '2'),
  (108, 3316, 8, '2'),
  (108, 3316, 9, '0'),
  (108, 3316, 10, '0'),
  (108, 3316, 11, '0'),
  (108, 3316, 12, '0'),
  (108, 3316, 13, '0'),
  (108, 3316, 14, '0'),
  (108, 3316, 15, '1'),
  (108, 3316, 16, '0'),
  (108, 3316, 17, '0'),
  (108, 3316, 18, ''),
  (108, 3316, 32, 'ראם'),
  (108, 5554, 0, 'אמצע'),
  (108, 5554, 1, ' נמוך'),
  (108, 5554, 2, '0'),
  (108, 5554, 3, '0'),
  (108, 5554, 4, '0'),
  (108, 5554, 5, '0'),
  (108, 5554, 6, '0'),
  (108, 5554, 7, '2'),
  (108, 5554, 8, '1'),
  (108, 5554, 9, '0'),
  (108, 5554, 10, '0'),
  (108, 5554, 11, '1'),
  (108, 5554, 12, '0'),
  (108, 5554, 13, '0'),
  (108, 5554, 14, '0'),
  (108, 5554, 15, '1'),
  (108, 5554, 16, '0'),
  (108, 5554, 17, '0'),
  (108, 5554, 18, ''),
  (108, 5554, 32, 'צבר דה קווין'),
  (108, 6230, 0, 'ימין'),
  (108, 6230, 1, 'בינוני'),
  (108, 6230, 2, '0'),
  (108, 6230, 3, '0'),
  (108, 6230, 4, '0'),
  (108, 6230, 5, '1'),
  (108, 6230, 6, '0'),
  (108, 6230, 7, '3'),
  (108, 6230, 8, '0'),
  (108, 6230, 9, '0'),
  (108, 6230, 10, '0'),
  (108, 6230, 11, '2'),
  (108, 6230, 12, '0'),
  (108, 6230, 13, '0'),
  (108, 6230, 14, '0'),
  (108, 6230, 15, '1'),
  (108, 6230, 16, '0'),
  (108, 6230, 17, '0'),
  (108, 6230, 18, ''),
  (108, 6230, 32, 'פולק'),
  (108, 7177, 0, 'שמאל'),
  (108, 7177, 1, 'בינוני'),
  (108, 7177, 2, '1'),
  (108, 7177, 3, '0'),
  (108, 7177, 4, '0'),
  (108, 7177, 5, '0'),
  (108, 7177, 6, '0'),
  (108, 7177, 7, '3'),
  (108, 7177, 8, '0'),
  (108, 7177, 9, '0'),
  (108, 7177, 10, '0'),
  (108, 7177, 11, '0'),
  (108, 7177, 12, '1'),
  (108, 7177, 13, '0'),
  (108, 7177, 14, '0'),
  (108, 7177, 15, '0'),
  (108, 7177, 16, '0'),
  (108, 7177, 17, '1'),
  (108, 7177, 18, 'טיפסו על 1576'),
  (108, 7177, 32, 'רתם'),
  (109, 1690, 0, 'ימין'),
  (109, 1690, 1, ' נמוך'),
  (109, 1690, 2, '0'),
  (109, 1690, 3, '1'),
  (109, 1690, 4, '0'),
  (109, 1690, 5, '1'),
  (109, 1690, 6, '0'),
  (109, 1690, 7, '2'),
  (109, 1690, 8, '0'),
  (109, 1690, 9, '0'),
  (109, 1690, 10, '0'),
  (109, 1690, 11, '2'),
  (109, 1690, 12, '0'),
  (109, 1690, 13, '0'),
  (109, 1690, 14, '0'),
  (109, 1690, 15, '0'),
  (109, 1690, 16, '0'),
  (109, 1690, 17, '1'),
  (109, 1690, 18, ''),
  (109, 1690, 32, 'צבר דה קווין'),
  (109, 1942, 0, 'ימין'),
  (109, 1942, 1, 'בינוני'),
  (109, 1942, 2, '0'),
  (109, 1942, 3, '0'),
  (109, 1942, 4, '0'),
  (109, 1942, 5, '0'),
  (109, 1942, 6, '0'),
  (109, 1942, 7, '0'),
  (109, 1942, 8, '0'),
  (109, 1942, 9, '0'),
  (109, 1942, 10, '0'),
  (109, 1942, 11, '0'),
  (109, 1942, 12, '0'),
  (109, 1942, 13, '0'),
  (109, 1942, 14, '1'),
  (109, 1942, 15, '0'),
  (109, 1942, 16, '0'),
  (109, 1942, 17, '1'),
  (109, 1942, 18, 'קיבל פאול ועשה הגנה נגד הגנה'),
  (109, 1942, 32, 'פולק'),
  (109, 2630, 0, 'שמאל'),
  (109, 2630, 1, 'בינוני'),
  (109, 2630, 2, '0'),
  (109, 2630, 3, '1'),
  (109, 2630, 4, '0'),
  (109, 2630, 5, '0'),
  (109, 2630, 6, '0'),
  (109, 2630, 7, '2'),
  (109, 2630, 8, '0'),
  (109, 2630, 9, '0'),
  (109, 2630, 10, '1'),
  (109, 2630, 11, '0'),
  (109, 2630, 12, '0'),
  (109, 2630, 13, '0'),
  (109, 2630, 14, '0'),
  (109, 2630, 15, '0'),
  (109, 2630, 16, '0'),
  (109, 2630, 17, '0'),
  (109, 2630, 18, ''),
  (109, 2630, 32, 'ראם'),
  (109, 4320, 0, 'ימין'),
  (109, 4320, 1, ' נמוך'),
  (109, 4320, 2, '1'),
  (109, 4320, 3, '0'),
  (109, 4320, 4, '0'),
  (109, 4320, 5, '0'),
  (109, 4320, 6, '0'),
  (109, 4320, 7, '3'),
  (109, 4320, 8, '0'),
  (109, 4320, 9, '0'),
  (109, 4320, 10, '0'),
  (109, 4320, 11, '0'),
  (109, 4320, 12, '0'),
  (109, 4320, 13, '0'),
  (109, 4320, 14, '1'),
  (109, 4320, 15, '0'),
  (109, 4320, 16, '0'),
  (109, 4320, 17, '0'),
  (109, 4320, 18, ''),
  (109, 4320, 32, 'חן'),
  (109, 5635, 0, 'אמצע'),
  (109, 5635, 1, ' נמוך'),
  (109, 5635, 2, '0'),
  (109, 5635, 3, '1'),
  (109, 5635, 4, '0'),
  (109, 5635, 5, '0'),
  (109, 5635, 6, '0'),
  (109, 5635, 7, '0'),
  (109, 5635, 8, '0'),
  (109, 5635, 9, '0'),
  (109, 5635, 10, '0'),
  (109, 5635, 11, '2'),
  (109, 5635, 12, '1'),
  (109, 5635, 13, '0'),
  (109, 5635, 14, '0'),
  (109, 5635, 15, '0'),
  (109, 5635, 16, '0'),
  (109, 5635, 17, '0'),
  (109, 5635, 18, 'נפלו'),
  (109, 5635, 32, 'גומא'),
  (110, 1576, 0, 'אמצע'),
  (110, 1576, 1, ' נמוך'),
  (110, 1576, 2, '0'),
  (110, 1576, 3, '1'),
  (110, 1576, 4, '0'),
  (110, 1576, 5, '0'),
  (110, 1576, 6, '0'),
  (110, 1576, 7, '0'),
  (110, 1576, 8, '0'),
  (110, 1576, 9, '0'),
  (110, 1576, 10, '0'),
  (110, 1576, 11, '0'),
  (110, 1576, 12, '0'),
  (110, 1576, 13, '0'),
  (110, 1576, 14, '1'),
  (110, 1576, 15, '1'),
  (110, 1576, 16, '0'),
  (110, 1576, 17, '0'),
  (110, 1576, 18, 'עשו את רוב ההגנה על 1942'),
  (110, 1576, 32, 'קפלן'),
  (110, 3316, 0, 'שמאל'),
  (110, 3316, 1, 'בינוני'),
  (110, 3316, 2, '1'),
  (110, 3316, 3, '0'),
  (110, 3316, 4, '0'),
  (110, 3316, 5, '0'),
  (110, 3316, 6, '0'),
  (110, 3316, 7, '3'),
  (110, 3316, 8, '1'),
  (110, 3316, 9, '0'),
  (110, 3316, 10, '1'),
  (110, 3316, 11, '0'),
  (110, 3316, 12, '0'),
  (110, 3316, 13, '0'),
  (110, 3316, 14, '0'),
  (110, 3316, 15, '1'),
  (110, 3316, 16, '0'),
  (110, 3316, 17, '0'),
  (110, 3316, 18, ''),
  (110, 3316, 32, 'גומא'),
  (110, 5554, 0, 'אמצע'),
  (110, 5554, 1, ' נמוך'),
  (110, 5554, 2, '0'),
  (110, 5554, 3, '1'),
  (110, 5554, 4, '0'),
  (110, 5554, 5, '0'),
  (110, 5554, 6, '0'),
  (110, 5554, 7, '3'),
  (110, 5554, 8, '0'),
  (110, 5554, 9, '0'),
  (110, 5554, 10, '0'),
  (110, 5554, 11, '3'),
  (110, 5554, 12, '0'),
  (110, 5554, 13, '0'),
  (110, 5554, 14, '0'),
  (110, 5554, 15, '1'),
  (110, 5554, 16, '0'),
  (110, 5554, 17, '0'),
  (110, 5554, 18, ''),
  (110, 5554, 32, 'עדן'),
  (110, 6230, 0, 'ימין'),
  (110, 6230, 1, ' נמוך'),
  (110, 6230, 2, '0'),
  (110, 6230, 3, '0'),
  (110, 6230, 4, '0'),
  (110, 6230, 5, '1'),
  (110, 6230, 6, '0'),
  (110, 6230, 7, '2'),
  (110, 6230, 8, '1'),
  (110, 6230, 9, '0'),
  (110, 6230, 10, '0'),
  (110, 6230, 11, '2'),
  (110, 6230, 12, '0'),
  (110, 6230, 13, '0'),
  (110, 6230, 14, '0'),
  (110, 6230, 15, '1'),
  (110, 6230, 16, '0'),
  (110, 6230, 17, '0'),
  (110, 6230, 18, ''),
  (110, 6230, 32, 'ראם'),
  (110, 7177, 0, 'שמאל'),
  (110, 7177, 1, 'בינוני'),
  (110, 7177, 2, '1'),
  (110, 7177, 3, '0'),
  (110, 7177, 4, '0'),
  (110, 7177, 5, '0'),
  (110, 7177, 6, '0'),
  (110, 7177, 7, '4'),
  (110, 7177, 8, '0'),
  (110, 7177, 9, '0'),
  (110, 7177, 10, '0'),
  (110, 7177, 11, '1'),
  (110, 7177, 12, '0'),
  (110, 7177, 13, '0'),
  (110, 7177, 14, '0'),
  (110, 7177, 15, '0'),
  (110, 7177, 16, '0'),
  (110, 7177, 17, '0'),
  (110, 7177, 18, 'חצו את הקו כשהיה כבר רובוט הגנה. 1576 הרימו אותם'),
  (110, 7177, 32, 'גל');

CREATE table
IF NOT EXISTS `TeamScoutingProps`
(
  `prop_id` int
(11) NOT NULL,
  `prop_desc` varchar
(64) NOT NULL,
  `prop_style` varchar
(64) NOT NULL,
  `prop_type` varchar
(64) NOT NULL,
  `prop_child` int
(11) DEFAULT NULL,
  PRIMARY KEY
(`prop_id`)
);

INSERT INTO `TeamScoutingProps`
VALUES
  (0, 'starting_position', 'Select(שמאל ,ימין ,אמצע)', 'text', NULL),
  (1, 'starting_height', 'Select(בינוני, נמוך)', 'text', NULL),
  (2, 'auto_cargo_ball', 'Buttons(+1,-1)', 'number', NULL),
  (3, 'auto_cargo_side_disk', 'Buttons(+1,-1)', 'number', NULL),
  (4, 'auto_cargo_middle_disk', 'Buttons(+1,-1)', 'number', NULL),
  (5, 'auto_rocket_disk', 'Buttons(+1,-1)', 'number', NULL),
  (6, 'high_ball', 'Buttons(+1,-1)', 'number', NULL),
  (7, 'low_ball', 'Buttons(+1,-1)', 'number', NULL),
  (8, 'fallen_ball', 'Buttons(+1,-1)', 'number', NULL),
  (9, 'high_disk', 'Buttons(+1,-1)', 'number', NULL),
  (10, 'middle_disk', 'Buttons(+1,-1)', 'number', NULL),
  (11, 'low_disk', 'Buttons(+1,-1)', 'number', NULL),
  (12, 'fallen_disk', 'Buttons(+1,-1)', 'number', NULL),
  (13, 'disk_floor', 'Checkbox', 'boolean', NULL),
  (14, 'defence', 'Checkbox', 'boolean', NULL),
  (15, 'climbed_1', 'Checkbox', 'boolean', NULL),
  (16, 'climbed_2', 'Checkbox', 'boolean', NULL),
  (17, 'climbed_3', 'Checkbox', 'boolean', NULL),
  (18, 'notes', 'Textarea', 'text', NULL),
  (31, 'ss_notes_1', 'Textarea', 'text', NULL),
  (32, 'scoutername', 'Textarea', 'text', NULL),
  (33, 'ss_scoutername', 'Textarea', 'text', NULL);


CREATE VIEW avgs
AS
  select TeamScouting.team_id AS team_id, teamscouting.prop_id AS prop_id, avg(teamscouting.prop_value) AS prop_avg
  from teamscouting
  group by `teamscouting`.`team_id`,`teamscouting`.`prop_id`;
